"Heidelberger_Welch_test","pvalue"
"passed",0.201787024367416
"passed",0.170013857294401
"passed",0.268093344147566
"passed",0.50535608763422
"passed",0.0700573375156507
"passed",0.0728680712011147
"failed",0.012998568497812
"passed",0.151680715418576
"passed",0.146930847279581
"passed",0.0549391495756012
"passed",0.318387772466825
"passed",0.394089355768724
"passed",0.0986556940032396
"passed",0.646304254954204
"passed",0.238933346946683
"passed",0.0743290449231647
"passed",0.133892553969914
